Workbook

Sheet SEU_CS
A1: projectile | B1: 4He | D1: projectile | E1: ='200MeV'!B1 -> 4He
D2: Incident energy (MeV/n) | E2: SEU CS (cm2/bit) | F2: err
A3: maxcas | B3: 100000 | D3: ='8MeV'!B2 -> 8 | E3: =VLOOKUP(B8,'8MeV'!K2:L1336,2,TRUE) -> 0 | F3: =VLOOKUP(B8,'8MeV'!K2:L1336,2,TRUE) -> 0
A4: maxbch | B4: 10 | D4: ='10MeV'!B2 -> 10 | E4: =VLOOKUP(B8,'10MeV'!K2:L1336,2,TRUE) -> 0 | F4: =VLOOKUP(B8,'10MeV'!K2:M1336,3,TRUE) -> #DIV/0!
A5: irradiation area (cm2) | B5: =0.0002*0.0002 -> 4e-08 | D5: ='25MeV'!B2 -> 25 | E5: =VLOOKUP(B8,'25MeV'!K2:L1336,2,TRUE) -> 0 | F5: =VLOOKUP(B8,'25MeV'!K2:M1336,3,TRUE) -> #DIV/0!
A6: memory bit (bit) | B6: 1 | D6: ='200MeV'!B2 -> 200 | E6: =VLOOKUP(B8,'200MeV'!K2:L1336,2,TRUE) -> 0 | F6: =VLOOKUP(B8,'200MeV'!K2:M1336,3,TRUE) -> #DIV/0!
D7: ='2000MeV'!B2 -> 2000 | E7: =VLOOKUP(B8,'2000MeV'!K2:L1336,2,TRUE) -> 0 | F7: =VLOOKUP(B8,'2000MeV'!K2:M1336,3,TRUE) -> #DIV/0!
A8: critical charge (fC) | B8: =0.022472*44.5 -> 1.000004

Sheet 8MeV
A1: projectile | B1: 4He | D1: e-lower (MeV) | E1: e-upper (MeV) | F1: number (1/source) | G1: r_err | I1: # of history | K1: critical charge (fC) | L1: SEU CS (cm2/bit) | M1: err
A2: e0 (MeV/n) | B2: 8 | I2: =F2*$B$3*$B$4 -> 0 | K2: =D2*$B$6 -> 0 | L2: =SUM(F2:F$1336)*$B$8/$B$9 -> 0 | M2: =L2/SQRT(SUM(I2:I$1336)) -> #DIV/0!
A3: maxcas | B3: =SEU_CS!B3 -> 100000 | I3: =F3*$B$3*$B$4 -> 0 | K3: =D3*$B$6 -> 0 | L3: =SUM(F3:F$1336)*$B$8/$B$9 -> 0 | M3: =L3/SQRT(SUM(I3:I$1336)) -> #DIV/0!
A4: maxbch | B4: =SEU_CS!B4 -> 10 | I4: =F4*$B$3*$B$4 -> 0 | K4: =D4*$B$6 -> 0 | L4: =SUM(F4:F$1336)*$B$8/$B$9 -> 0 | M4: =L4/SQRT(SUM(I4:I$1336)) -> #DIV/0!
I5: =F5*$B$3*$B$4 -> 0 | K5: =D5*$B$6 -> 0 | L5: =SUM(F5:F$1336)*$B$8/$B$9 -> 0 | M5: =L5/SQRT(SUM(I5:I$1336)) -> #DIV/0!
A6: deposited charge (fC) / deposited energy (MeV) | B6: 44.5 | I6: =F6*$B$3*$B$4 -> 0 | K6: =D6*$B$6 -> 0 | L6: =SUM(F6:F$1336)*$B$8/$B$9 -> 0 | M6: =L6/SQRT(SUM(I6:I$1336)) -> #DIV/0!
I7: =F7*$B$3*$B$4 -> 0 | K7: =D7*$B$6 -> 0 | L7: =SUM(F7:F$1336)*$B$8/$B$9 -> 0 | M7: =L7/SQRT(SUM(I7:I$1336)) -> #DIV/0!
A8: irradiation area (cm2) | B8: =SEU_CS!B5 -> 4e-08 | I8: =F8*$B$3*$B$4 -> 0 | K8: =D8*$B$6 -> 0 | L8: =SUM(F8:F$1336)*$B$8/$B$9 -> 0 | M8: =L8/SQRT(SUM(I8:I$1336)) -> #DIV/0!
A9: memory bit (Mbit) | B9: =SEU_CS!B6 -> 1 | I9: =F9*$B$3*$B$4 -> 0 | K9: =D9*$B$6 -> 0 | L9: =SUM(F9:F$1336)*$B$8/$B$9 -> 0 | M9: =L9/SQRT(SUM(I9:I$1336)) -> #DIV/0!
I10: =F10*$B$3*$B$4 -> 0 | K10: =D10*$B$6 -> 0 | L10: =SUM(F10:F$1336)*$B$8/$B$9 -> 0 | M10: =L10/SQRT(SUM(I10:I$1336)) -> #DIV/0!
I11: =F11*$B$3*$B$4 -> 0 | K11: =D11*$B$6 -> 0 | L11: =SUM(F11:F$1336)*$B$8/$B$9 -> 0 | M11: =L11/SQRT(SUM(I11:I$1336)) -> #DIV/0!
I12: =F12*$B$3*$B$4 -> 0 | K12: =D12*$B$6 -> 0 | L12: =SUM(F12:F$1336)*$B$8/$B$9 -> 0 | M12: =L12/SQRT(SUM(I12:I$1336)) -> #DIV/0!
I13: =F13*$B$3*$B$4 -> 0 | K13: =D13*$B$6 -> 0 | L13: =SUM(F13:F$1336)*$B$8/$B$9 -> 0 | M13: =L13/SQRT(SUM(I13:I$1336)) -> #DIV/0!
I14: =F14*$B$3*$B$4 -> 0 | K14: =D14*$B$6 -> 0 | L14: =SUM(F14:F$1336)*$B$8/$B$9 -> 0 | M14: =L14/SQRT(SUM(I14:I$1336)) -> #DIV/0!
I15: =F15*$B$3*$B$4 -> 0 | K15: =D15*$B$6 -> 0 | L15: =SUM(F15:F$1336)*$B$8/$B$9 -> 0 | M15: =L15/SQRT(SUM(I15:I$1336)) -> #DIV/0!
I16: =F16*$B$3*$B$4 -> 0 | K16: =D16*$B$6 -> 0 | L16: =SUM(F16:F$1336)*$B$8/$B$9 -> 0 | M16: =L16/SQRT(SUM(I16:I$1336)) -> #DIV/0!
I17: =F17*$B$3*$B$4 -> 0 | K17: =D17*$B$6 -> 0 | L17: =SUM(F17:F$1336)*$B$8/$B$9 -> 0 | M17: =L17/SQRT(SUM(I17:I$1336)) -> #DIV/0!
I18: =F18*$B$3*$B$4 -> 0 | K18: =D18*$B$6 -> 0 | L18: =SUM(F18:F$1336)*$B$8/$B$9 -> 0 | M18: =L18/SQRT(SUM(I18:I$1336)) -> #DIV/0!
I19: =F19*$B$3*$B$4 -> 0 | K19: =D19*$B$6 -> 0 | L19: =SUM(F19:F$1336)*$B$8/$B$9 -> 0 | M19: =L19/SQRT(SUM(I19:I$1336)) -> #DIV/0!
I20: =F20*$B$3*$B$4 -> 0 | K20: =D20*$B$6 -> 0 | L20: =SUM(F20:F$1336)*$B$8/$B$9 -> 0 | M20: =L20/SQRT(SUM(I20:I$1336)) -> #DIV/0!
I21: =F21*$B$3*$B$4 -> 0 | K21: =D21*$B$6 -> 0 | L21: =SUM(F21:F$1336)*$B$8/$B$9 -> 0 | M21: =L21/SQRT(SUM(I21:I$1336)) -> #DIV/0!
... I102: =F102*$B$3*$B$4 -> 0 | K102: =D102*$B$6 -> 0 | L102: =SUM(F102:F$1336)*$B$8/$B$9 -> 0 | M102: =L102/SQRT(SUM(I102:I$1336)) -> #DIV/0!

Sheet 10MeV
A1: projectile | B1: 4He | D1: e-lower (MeV) | E1: e-upper (MeV) | F1: number (1/source) | G1: r_err | I1: # of history | K1: critical charge (fC) | L1: SEU CS (cm2/bit) | M1: err
A2: e0 (MeV/n) | B2: 10 | I2: =F2*$B$3*$B$4 -> 0 | K2: =D2*$B$6 -> 0 | L2: =SUM(F2:F$1336)*$B$8/$B$9 -> 0 | M2: =L2/SQRT(SUM(I2:I$1336)) -> #DIV/0!
A3: maxcas | B3: =SEU_CS!B3 -> 100000 | I3: =F3*$B$3*$B$4 -> 0 | K3: =D3*$B$6 -> 0 | L3: =SUM(F3:F$1336)*$B$8/$B$9 -> 0 | M3: =L3/SQRT(SUM(I3:I$1336)) -> #DIV/0!
A4: maxbch | B4: =SEU_CS!B4 -> 10 | I4: =F4*$B$3*$B$4 -> 0 | K4: =D4*$B$6 -> 0 | L4: =SUM(F4:F$1336)*$B$8/$B$9 -> 0 | M4: =L4/SQRT(SUM(I4:I$1336)) -> #DIV/0!
I5: =F5*$B$3*$B$4 -> 0 | K5: =D5*$B$6 -> 0 | L5: =SUM(F5:F$1336)*$B$8/$B$9 -> 0 | M5: =L5/SQRT(SUM(I5:I$1336)) -> #DIV/0!
A6: deposited charge (fC) / deposited energy (MeV) | B6: 44.5 | I6: =F6*$B$3*$B$4 -> 0 | K6: =D6*$B$6 -> 0 | L6: =SUM(F6:F$1336)*$B$8/$B$9 -> 0 | M6: =L6/SQRT(SUM(I6:I$1336)) -> #DIV/0!
I7: =F7*$B$3*$B$4 -> 0 | K7: =D7*$B$6 -> 0 | L7: =SUM(F7:F$1336)*$B$8/$B$9 -> 0 | M7: =L7/SQRT(SUM(I7:I$1336)) -> #DIV/0!
A8: irradiation area (cm2) | B8: =SEU_CS!B5 -> 4e-08 | I8: =F8*$B$3*$B$4 -> 0 | K8: =D8*$B$6 -> 0 | L8: =SUM(F8:F$1336)*$B$8/$B$9 -> 0 | M8: =L8/SQRT(SUM(I8:I$1336)) -> #DIV/0!
A9: memory bit (Mbit) | B9: =SEU_CS!B6 -> 1 | I9: =F9*$B$3*$B$4 -> 0 | K9: =D9*$B$6 -> 0 | L9: =SUM(F9:F$1336)*$B$8/$B$9 -> 0 | M9: =L9/SQRT(SUM(I9:I$1336)) -> #DIV/0!
I10: =F10*$B$3*$B$4 -> 0 | K10: =D10*$B$6 -> 0 | L10: =SUM(F10:F$1336)*$B$8/$B$9 -> 0 | M10: =L10/SQRT(SUM(I10:I$1336)) -> #DIV/0!
I11: =F11*$B$3*$B$4 -> 0 | K11: =D11*$B$6 -> 0 | L11: =SUM(F11:F$1336)*$B$8/$B$9 -> 0 | M11: =L11/SQRT(SUM(I11:I$1336)) -> #DIV/0!
I12: =F12*$B$3*$B$4 -> 0 | K12: =D12*$B$6 -> 0 | L12: =SUM(F12:F$1336)*$B$8/$B$9 -> 0 | M12: =L12/SQRT(SUM(I12:I$1336)) -> #DIV/0!
I13: =F13*$B$3*$B$4 -> 0 | K13: =D13*$B$6 -> 0 | L13: =SUM(F13:F$1336)*$B$8/$B$9 -> 0 | M13: =L13/SQRT(SUM(I13:I$1336)) -> #DIV/0!
I14: =F14*$B$3*$B$4 -> 0 | K14: =D14*$B$6 -> 0 | L14: =SUM(F14:F$1336)*$B$8/$B$9 -> 0 | M14: =L14/SQRT(SUM(I14:I$1336)) -> #DIV/0!
I15: =F15*$B$3*$B$4 -> 0 | K15: =D15*$B$6 -> 0 | L15: =SUM(F15:F$1336)*$B$8/$B$9 -> 0 | M15: =L15/SQRT(SUM(I15:I$1336)) -> #DIV/0!
I16: =F16*$B$3*$B$4 -> 0 | K16: =D16*$B$6 -> 0 | L16: =SUM(F16:F$1336)*$B$8/$B$9 -> 0 | M16: =L16/SQRT(SUM(I16:I$1336)) -> #DIV/0!
I17: =F17*$B$3*$B$4 -> 0 | K17: =D17*$B$6 -> 0 | L17: =SUM(F17:F$1336)*$B$8/$B$9 -> 0 | M17: =L17/SQRT(SUM(I17:I$1336)) -> #DIV/0!
I18: =F18*$B$3*$B$4 -> 0 | K18: =D18*$B$6 -> 0 | L18: =SUM(F18:F$1336)*$B$8/$B$9 -> 0 | M18: =L18/SQRT(SUM(I18:I$1336)) -> #DIV/0!
I19: =F19*$B$3*$B$4 -> 0 | K19: =D19*$B$6 -> 0 | L19: =SUM(F19:F$1336)*$B$8/$B$9 -> 0 | M19: =L19/SQRT(SUM(I19:I$1336)) -> #DIV/0!
I20: =F20*$B$3*$B$4 -> 0 | K20: =D20*$B$6 -> 0 | L20: =SUM(F20:F$1336)*$B$8/$B$9 -> 0 | M20: =L20/SQRT(SUM(I20:I$1336)) -> #DIV/0!
I21: =F21*$B$3*$B$4 -> 0 | K21: =D21*$B$6 -> 0 | L21: =SUM(F21:F$1336)*$B$8/$B$9 -> 0 | M21: =L21/SQRT(SUM(I21:I$1336)) -> #DIV/0!
... I102: =F102*$B$3*$B$4 -> 0 | K102: =D102*$B$6 -> 0 | L102: =SUM(F102:F$1336)*$B$8/$B$9 -> 0 | M102: =L102/SQRT(SUM(I102:I$1336)) -> #DIV/0!

Sheet 25MeV
A1: projectile | B1: 4He | D1: e-lower (MeV) | E1: e-upper (MeV) | F1: number (1/source) | G1: r_err | I1: # of history | K1: critical charge (fC) | L1: SEU CS (cm2/bit) | M1: err
A2: e0 (MeV/n) | B2: 25 | I2: =F2*$B$3*$B$4 -> 0 | K2: =D2*$B$6 -> 0 | L2: =SUM(F2:F$1336)*$B$8/$B$9 -> 0 | M2: =L2/SQRT(SUM(I2:I$1336)) -> #DIV/0!
A3: maxcas | B3: =SEU_CS!B3 -> 100000 | I3: =F3*$B$3*$B$4 -> 0 | K3: =D3*$B$6 -> 0 | L3: =SUM(F3:F$1336)*$B$8/$B$9 -> 0 | M3: =L3/SQRT(SUM(I3:I$1336)) -> #DIV/0!
A4: maxbch | B4: =SEU_CS!B4 -> 10 | I4: =F4*$B$3*$B$4 -> 0 | K4: =D4*$B$6 -> 0 | L4: =SUM(F4:F$1336)*$B$8/$B$9 -> 0 | M4: =L4/SQRT(SUM(I4:I$1336)) -> #DIV/0!
I5: =F5*$B$3*$B$4 -> 0 | K5: =D5*$B$6 -> 0 | L5: =SUM(F5:F$1336)*$B$8/$B$9 -> 0 | M5: =L5/SQRT(SUM(I5:I$1336)) -> #DIV/0!
A6: deposited charge (fC) / deposited energy (MeV) | B6: 44.5 | I6: =F6*$B$3*$B$4 -> 0 | K6: =D6*$B$6 -> 0 | L6: =SUM(F6:F$1336)*$B$8/$B$9 -> 0 | M6: =L6/SQRT(SUM(I6:I$1336)) -> #DIV/0!
I7: =F7*$B$3*$B$4 -> 0 | K7: =D7*$B$6 -> 0 | L7: =SUM(F7:F$1336)*$B$8/$B$9 -> 0 | M7: =L7/SQRT(SUM(I7:I$1336)) -> #DIV/0!
A8: irradiation area (cm2) | B8: =SEU_CS!B5 -> 4e-08 | I8: =F8*$B$3*$B$4 -> 0 | K8: =D8*$B$6 -> 0 | L8: =SUM(F8:F$1336)*$B$8/$B$9 -> 0 | M8: =L8/SQRT(SUM(I8:I$1336)) -> #DIV/0!
A9: memory bit (Mbit) | B9: =SEU_CS!B6 -> 1 | I9: =F9*$B$3*$B$4 -> 0 | K9: =D9*$B$6 -> 0 | L9: =SUM(F9:F$1336)*$B$8/$B$9 -> 0 | M9: =L9/SQRT(SUM(I9:I$1336)) -> #DIV/0!
I10: =F10*$B$3*$B$4 -> 0 | K10: =D10*$B$6 -> 0 | L10: =SUM(F10:F$1336)*$B$8/$B$9 -> 0 | M10: =L10/SQRT(SUM(I10:I$1336)) -> #DIV/0!
I11: =F11*$B$3*$B$4 -> 0 | K11: =D11*$B$6 -> 0 | L11: =SUM(F11:F$1336)*$B$8/$B$9 -> 0 | M11: =L11/SQRT(SUM(I11:I$1336)) -> #DIV/0!
I12: =F12*$B$3*$B$4 -> 0 | K12: =D12*$B$6 -> 0 | L12: =SUM(F12:F$1336)*$B$8/$B$9 -> 0 | M12: =L12/SQRT(SUM(I12:I$1336)) -> #DIV/0!
I13: =F13*$B$3*$B$4 -> 0 | K13: =D13*$B$6 -> 0 | L13: =SUM(F13:F$1336)*$B$8/$B$9 -> 0 | M13: =L13/SQRT(SUM(I13:I$1336)) -> #DIV/0!
I14: =F14*$B$3*$B$4 -> 0 | K14: =D14*$B$6 -> 0 | L14: =SUM(F14:F$1336)*$B$8/$B$9 -> 0 | M14: =L14/SQRT(SUM(I14:I$1336)) -> #DIV/0!
I15: =F15*$B$3*$B$4 -> 0 | K15: =D15*$B$6 -> 0 | L15: =SUM(F15:F$1336)*$B$8/$B$9 -> 0 | M15: =L15/SQRT(SUM(I15:I$1336)) -> #DIV/0!
I16: =F16*$B$3*$B$4 -> 0 | K16: =D16*$B$6 -> 0 | L16: =SUM(F16:F$1336)*$B$8/$B$9 -> 0 | M16: =L16/SQRT(SUM(I16:I$1336)) -> #DIV/0!
I17: =F17*$B$3*$B$4 -> 0 | K17: =D17*$B$6 -> 0 | L17: =SUM(F17:F$1336)*$B$8/$B$9 -> 0 | M17: =L17/SQRT(SUM(I17:I$1336)) -> #DIV/0!
I18: =F18*$B$3*$B$4 -> 0 | K18: =D18*$B$6 -> 0 | L18: =SUM(F18:F$1336)*$B$8/$B$9 -> 0 | M18: =L18/SQRT(SUM(I18:I$1336)) -> #DIV/0!
I19: =F19*$B$3*$B$4 -> 0 | K19: =D19*$B$6 -> 0 | L19: =SUM(F19:F$1336)*$B$8/$B$9 -> 0 | M19: =L19/SQRT(SUM(I19:I$1336)) -> #DIV/0!
I20: =F20*$B$3*$B$4 -> 0 | K20: =D20*$B$6 -> 0 | L20: =SUM(F20:F$1336)*$B$8/$B$9 -> 0 | M20: =L20/SQRT(SUM(I20:I$1336)) -> #DIV/0!
I21: =F21*$B$3*$B$4 -> 0 | K21: =D21*$B$6 -> 0 | L21: =SUM(F21:F$1336)*$B$8/$B$9 -> 0 | M21: =L21/SQRT(SUM(I21:I$1336)) -> #DIV/0!
... I102: =F102*$B$3*$B$4 -> 0 | K102: =D102*$B$6 -> 0 | L102: =SUM(F102:F$1336)*$B$8/$B$9 -> 0 | M102: =L102/SQRT(SUM(I102:I$1336)) -> #DIV/0!

Sheet 200MeV
A1: projectile | B1: 4He | D1: e-lower (MeV) | E1: e-upper (MeV) | F1: number (1/source) | G1: r_err | I1: # of history | K1: critical charge (fC) | L1: SEU CS (cm2/bit) | M1: err
A2: e0 (MeV/n) | B2: 200 | I2: =F2*$B$3*$B$4 -> 0 | K2: =D2*$B$6 -> 0 | L2: =SUM(F2:F$1336)*$B$8/$B$9 -> 0 | M2: =L2/SQRT(SUM(I2:I$1336)) -> #DIV/0!
A3: maxcas | B3: =SEU_CS!B3 -> 100000 | I3: =F3*$B$3*$B$4 -> 0 | K3: =D3*$B$6 -> 0 | L3: =SUM(F3:F$1336)*$B$8/$B$9 -> 0 | M3: =L3/SQRT(SUM(I3:I$1336)) -> #DIV/0!
A4: maxbch | B4: =SEU_CS!B4 -> 10 | I4: =F4*$B$3*$B$4 -> 0 | K4: =D4*$B$6 -> 0 | L4: =SUM(F4:F$1336)*$B$8/$B$9 -> 0 | M4: =L4/SQRT(SUM(I4:I$1336)) -> #DIV/0!
I5: =F5*$B$3*$B$4 -> 0 | K5: =D5*$B$6 -> 0 | L5: =SUM(F5:F$1336)*$B$8/$B$9 -> 0 | M5: =L5/SQRT(SUM(I5:I$1336)) -> #DIV/0!
A6: deposited charge (fC) / deposited energy (MeV) | B6: 44.5 | I6: =F6*$B$3*$B$4 -> 0 | K6: =D6*$B$6 -> 0 | L6: =SUM(F6:F$1336)*$B$8/$B$9 -> 0 | M6: =L6/SQRT(SUM(I6:I$1336)) -> #DIV/0!
I7: =F7*$B$3*$B$4 -> 0 | K7: =D7*$B$6 -> 0 | L7: =SUM(F7:F$1336)*$B$8/$B$9 -> 0 | M7: =L7/SQRT(SUM(I7:I$1336)) -> #DIV/0!
A8: irradiation area (cm2) | B8: =SEU_CS!B5 -> 4e-08 | I8: =F8*$B$3*$B$4 -> 0 | K8: =D8*$B$6 -> 0 | L8: =SUM(F8:F$1336)*$B$8/$B$9 -> 0 | M8: =L8/SQRT(SUM(I8:I$1336)) -> #DIV/0!
A9: memory bit (Mbit) | B9: =SEU_CS!B6 -> 1 | I9: =F9*$B$3*$B$4 -> 0 | K9: =D9*$B$6 -> 0 | L9: =SUM(F9:F$1336)*$B$8/$B$9 -> 0 | M9: =L9/SQRT(SUM(I9:I$1336)) -> #DIV/0!
I10: =F10*$B$3*$B$4 -> 0 | K10: =D10*$B$6 -> 0 | L10: =SUM(F10:F$1336)*$B$8/$B$9 -> 0 | M10: =L10/SQRT(SUM(I10:I$1336)) -> #DIV/0!
I11: =F11*$B$3*$B$4 -> 0 | K11: =D11*$B$6 -> 0 | L11: =SUM(F11:F$1336)*$B$8/$B$9 -> 0 | M11: =L11/SQRT(SUM(I11:I$1336)) -> #DIV/0!
I12: =F12*$B$3*$B$4 -> 0 | K12: =D12*$B$6 -> 0 | L12: =SUM(F12:F$1336)*$B$8/$B$9 -> 0 | M12: =L12/SQRT(SUM(I12:I$1336)) -> #DIV/0!
I13: =F13*$B$3*$B$4 -> 0 | K13: =D13*$B$6 -> 0 | L13: =SUM(F13:F$1336)*$B$8/$B$9 -> 0 | M13: =L13/SQRT(SUM(I13:I$1336)) -> #DIV/0!
I14: =F14*$B$3*$B$4 -> 0 | K14: =D14*$B$6 -> 0 | L14: =SUM(F14:F$1336)*$B$8/$B$9 -> 0 | M14: =L14/SQRT(SUM(I14:I$1336)) -> #DIV/0!
I15: =F15*$B$3*$B$4 -> 0 | K15: =D15*$B$6 -> 0 | L15: =SUM(F15:F$1336)*$B$8/$B$9 -> 0 | M15: =L15/SQRT(SUM(I15:I$1336)) -> #DIV/0!
I16: =F16*$B$3*$B$4 -> 0 | K16: =D16*$B$6 -> 0 | L16: =SUM(F16:F$1336)*$B$8/$B$9 -> 0 | M16: =L16/SQRT(SUM(I16:I$1336)) -> #DIV/0!
I17: =F17*$B$3*$B$4 -> 0 | K17: =D17*$B$6 -> 0 | L17: =SUM(F17:F$1336)*$B$8/$B$9 -> 0 | M17: =L17/SQRT(SUM(I17:I$1336)) -> #DIV/0!
I18: =F18*$B$3*$B$4 -> 0 | K18: =D18*$B$6 -> 0 | L18: =SUM(F18:F$1336)*$B$8/$B$9 -> 0 | M18: =L18/SQRT(SUM(I18:I$1336)) -> #DIV/0!
I19: =F19*$B$3*$B$4 -> 0 | K19: =D19*$B$6 -> 0 | L19: =SUM(F19:F$1336)*$B$8/$B$9 -> 0 | M19: =L19/SQRT(SUM(I19:I$1336)) -> #DIV/0!
I20: =F20*$B$3*$B$4 -> 0 | K20: =D20*$B$6 -> 0 | L20: =SUM(F20:F$1336)*$B$8/$B$9 -> 0 | M20: =L20/SQRT(SUM(I20:I$1336)) -> #DIV/0!
I21: =F21*$B$3*$B$4 -> 0 | K21: =D21*$B$6 -> 0 | L21: =SUM(F21:F$1336)*$B$8/$B$9 -> 0 | M21: =L21/SQRT(SUM(I21:I$1336)) -> #DIV/0!
... I102: =F102*$B$3*$B$4 -> 0 | K102: =D102*$B$6 -> 0 | L102: =SUM(F102:F$1336)*$B$8/$B$9 -> 0 | M102: =L102/SQRT(SUM(I102:I$1336)) -> #DIV/0!

Sheet 2000MeV
A1: projectile | B1: 4He | D1: e-lower (MeV) | E1: e-upper (MeV) | F1: number (1/source) | G1: r_err | I1: # of history | K1: critical charge (fC) | L1: SEU CS (cm2/bit) | M1: err
A2: e0 (MeV/n) | B2: 2000 | I2: =F2*$B$3*$B$4 -> 0 | K2: =D2*$B$6 -> 0 | L2: =SUM(F2:F$1336)*$B$8/$B$9 -> 0 | M2: =L2/SQRT(SUM(I2:I$1336)) -> #DIV/0!
A3: maxcas | B3: =SEU_CS!B3 -> 100000 | I3: =F3*$B$3*$B$4 -> 0 | K3: =D3*$B$6 -> 0 | L3: =SUM(F3:F$1336)*$B$8/$B$9 -> 0 | M3: =L3/SQRT(SUM(I3:I$1336)) -> #DIV/0!
A4: maxbch | B4: =SEU_CS!B4 -> 10 | I4: =F4*$B$3*$B$4 -> 0 | K4: =D4*$B$6 -> 0 | L4: =SUM(F4:F$1336)*$B$8/$B$9 -> 0 | M4: =L4/SQRT(SUM(I4:I$1336)) -> #DIV/0!
I5: =F5*$B$3*$B$4 -> 0 | K5: =D5*$B$6 -> 0 | L5: =SUM(F5:F$1336)*$B$8/$B$9 -> 0 | M5: =L5/SQRT(SUM(I5:I$1336)) -> #DIV/0!
A6: deposited charge (fC) / deposited energy (MeV) | B6: 44.5 | I6: =F6*$B$3*$B$4 -> 0 | K6: =D6*$B$6 -> 0 | L6: =SUM(F6:F$1336)*$B$8/$B$9 -> 0 | M6: =L6/SQRT(SUM(I6:I$1336)) -> #DIV/0!
I7: =F7*$B$3*$B$4 -> 0 | K7: =D7*$B$6 -> 0 | L7: =SUM(F7:F$1336)*$B$8/$B$9 -> 0 | M7: =L7/SQRT(SUM(I7:I$1336)) -> #DIV/0!
A8: irradiation area (cm2) | B8: =SEU_CS!B5 -> 4e-08 | I8: =F8*$B$3*$B$4 -> 0 | K8: =D8*$B$6 -> 0 | L8: =SUM(F8:F$1336)*$B$8/$B$9 -> 0 | M8: =L8/SQRT(SUM(I8:I$1336)) -> #DIV/0!
A9: memory bit (Mbit) | B9: =SEU_CS!B6 -> 1 | I9: =F9*$B$3*$B$4 -> 0 | K9: =D9*$B$6 -> 0 | L9: =SUM(F9:F$1336)*$B$8/$B$9 -> 0 | M9: =L9/SQRT(SUM(I9:I$1336)) -> #DIV/0!
I10: =F10*$B$3*$B$4 -> 0 | K10: =D10*$B$6 -> 0 | L10: =SUM(F10:F$1336)*$B$8/$B$9 -> 0 | M10: =L10/SQRT(SUM(I10:I$1336)) -> #DIV/0!
I11: =F11*$B$3*$B$4 -> 0 | K11: =D11*$B$6 -> 0 | L11: =SUM(F11:F$1336)*$B$8/$B$9 -> 0 | M11: =L11/SQRT(SUM(I11:I$1336)) -> #DIV/0!
I12: =F12*$B$3*$B$4 -> 0 | K12: =D12*$B$6 -> 0 | L12: =SUM(F12:F$1336)*$B$8/$B$9 -> 0 | M12: =L12/SQRT(SUM(I12:I$1336)) -> #DIV/0!
I13: =F13*$B$3*$B$4 -> 0 | K13: =D13*$B$6 -> 0 | L13: =SUM(F13:F$1336)*$B$8/$B$9 -> 0 | M13: =L13/SQRT(SUM(I13:I$1336)) -> #DIV/0!
I14: =F14*$B$3*$B$4 -> 0 | K14: =D14*$B$6 -> 0 | L14: =SUM(F14:F$1336)*$B$8/$B$9 -> 0 | M14: =L14/SQRT(SUM(I14:I$1336)) -> #DIV/0!
I15: =F15*$B$3*$B$4 -> 0 | K15: =D15*$B$6 -> 0 | L15: =SUM(F15:F$1336)*$B$8/$B$9 -> 0 | M15: =L15/SQRT(SUM(I15:I$1336)) -> #DIV/0!
I16: =F16*$B$3*$B$4 -> 0 | K16: =D16*$B$6 -> 0 | L16: =SUM(F16:F$1336)*$B$8/$B$9 -> 0 | M16: =L16/SQRT(SUM(I16:I$1336)) -> #DIV/0!
I17: =F17*$B$3*$B$4 -> 0 | K17: =D17*$B$6 -> 0 | L17: =SUM(F17:F$1336)*$B$8/$B$9 -> 0 | M17: =L17/SQRT(SUM(I17:I$1336)) -> #DIV/0!
I18: =F18*$B$3*$B$4 -> 0 | K18: =D18*$B$6 -> 0 | L18: =SUM(F18:F$1336)*$B$8/$B$9 -> 0 | M18: =L18/SQRT(SUM(I18:I$1336)) -> #DIV/0!
I19: =F19*$B$3*$B$4 -> 0 | K19: =D19*$B$6 -> 0 | L19: =SUM(F19:F$1336)*$B$8/$B$9 -> 0 | M19: =L19/SQRT(SUM(I19:I$1336)) -> #DIV/0!
I20: =F20*$B$3*$B$4 -> 0 | K20: =D20*$B$6 -> 0 | L20: =SUM(F20:F$1336)*$B$8/$B$9 -> 0 | M20: =L20/SQRT(SUM(I20:I$1336)) -> #DIV/0!
I21: =F21*$B$3*$B$4 -> 0 | K21: =D21*$B$6 -> 0 | L21: =SUM(F21:F$1336)*$B$8/$B$9 -> 0 | M21: =L21/SQRT(SUM(I21:I$1336)) -> #DIV/0!
... I102: =F102*$B$3*$B$4 -> 0 | K102: =D102*$B$6 -> 0 | L102: =SUM(F102:F$1336)*$B$8/$B$9 -> 0 | M102: =L102/SQRT(SUM(I102:I$1336)) -> #DIV/0!
